metric,value
count,19735.0
mean,97.6949581960983
std,102.52489053740692
min,10.0
25%,50.0
50%,60.0
75%,100.0
max,1080.0
