model,cv_f1
KNN,0.7048088020804631
Logistic Regression,0.7046227393442281
Random Forest,0.7014142820249183
SVM,0.7004871699954895
Decision Tree,0.6271181195679469
